First Name,Last Name,Designation,Company,Country
Carlos ,Alberto Sicupira,Partner / Major Shareholder,AB InBev; 3G Capital,Brazil
Tercio,Ambipar,CEO and Co-Founder,Ambipar Group,Brazil
Tiago,Andrade,"Senior Vice President, Head of PE / Growth LatAm",Partners Group,Brazil
Joesley,Batista,Major Shareholder & Board Member / Director,JBS S.A.,Brazil
Wesley,Batista,Founder,JBS S.A.,Brazil
Otto,Baumgart,Presidente do conselho administrativo,Grupo Baumgart,Brazil
Alexandre,Behring,Managing partner,3G Capital,Brazil
Bobby,Betenson,Owner,Matueté Expeditions,Brazil
Maurizio,Billi,Founder & Chairman,Eurofarma,Brazil
Rui,Brandao,CEO,Zenklub,Brazil
Pedro,Bueno,Vice-Presidente Executivo do Conselho,Dasa,Brazil
Antonio,Camarotti,Founder,Forbes Brasil,Brazil
Sergio,Carneiro,Executive Director - Private Equity,Mubadala Capital,Brazil
Bruno,Costa,Sporting Director - Diretor Executivo de Futebol,Fortaleza Esporte Clube,Brazil
Alberto,Duran,Vice President,Gerdau SA,Brazil
Andre,Esteves,Senior Partner & Chairman,BTG Pactual,Brazil
Ruben,Feffer,CEO,Suzano,Brazil
Sofia,G. Cesar,Partner,NAMU MATCHA,Brazil
Eduardo ,G. Küpper,Founding Partner,Airborne Ventures,Brazil
Paula Drumond,Guedes,CEO and Founder,Jobzi,Brazil
Max Van Hoegaerden ,Herrmann Telles,Co-founder,3G Capital,Brazil
Luciano,Huck,TV Host & Entrepreneur; Founder; Presenter of “Domingão com Huck” on TV Globol,Globo TV / Joá Investments / Instituto Criar,Brazil
Angelica,Huck,TV host,Clube da Criança,Brazil
Juliano,Itabaiana,Presidente,Villa verde s/a,Brazil
Miguel,Krigsner,Founder,O Boticário,Brazil
Jorge Paulo ,Lemann,Co-Founder,3G Capital,Brazil
Robert,M.Mangels,Chairman of the Board,Mangels Industrial S.A.,Brazil
Luis Felipe,Magon,Co-Founder and Managing Partner,Supera Capital,Brazil
Rachel,Maia,Presidente do conselho administrativo,Pacto Global - Rede Brasil,Brazil
Ricardo,Marino,Chairman,Itau Latam,Brazil
Eduardo ,Melzer,Chairman & CEO,EB Capital,Brazil
Denis ,Mizne,CEO,Lemann Foundation,Brazil
Jorge ,Moll Filho,Founder, Rede D'Or Sao Luiz SA,Brazil
Pedro,Moreira Salles,Chairman of Itaú Unibanco; co-president of Cambuhy; major stakeholder in CBMM,Itaú Unibanco; CBMM; Cambuhy,Brazil
Joao,Moreira Salles,Founder & Documentary Filmmaker / Investment Manager,Videofilmes / BW Gestão de Investimentos,Brazil
Walther,Moreira Salles Junior,Heir & Filmmaker,Itaú Unibanco / CBMM (family holdings),Brazil
Fernando Roberto,Moreira Salles,Founder,Grupo Boticário,Brazil
Breno,Nakai,Director,Mubadala Capital,Brazil
Felipe,Nobre,Chief Executive Officer,JERA,Brazil
Marcello,Palazzi,Co-Founder & Executive Chair,For Good Leaders,Brazil
Patrick,Panero,"Co-Founder, President & CEO",4B Mining Corp,Brazil
Flavio,Passos,VP Autos & Goods,Grupo OLX,Brazil
Antonio,Poncioni Merian,CdP,apm,Brazil
Vicky,Safra,,Safra family,Brazil
Jacob,Safra,Chairman,"J. Safra Sarasin, Safra National Bank of New York",Brazil
Eduardo,Saverin,"Co-Founder, Venture Capitalist (Forbes)",Meta Platforms / B Capital,Brazil
Veronica,Serra,Founding Partner,Pacific Investimentos & Innova Capital,Brazil
Paulo De Souza E,Silva,Member Board of Directors,Rolls-Royce Holdings plc,Brazil
Virgilio,Viana,Director General,Amazonas Sustainability Foundation (FAS),Brazil
Ana Lucia,Villela,President,Instituto Alana,Brazil
Rodrigo,Xavier,Senior Partner,YvY Capital,Brazil
Soegiarto,Adikoesoemo,President Commissioner,PT AKR Corporindo Tbk,Indonesia
Husodo,Angkosubroto,Chairman,PT Gunung Sewu Kencana,Indonesia
Rozan,Anwar,Commissioner,DAYA DIMENSI,Indonesia
Anindya,Bakrie,CEO,BNBR,Indonesia
Kiki,Barki,Founder & President Commissioner,PT Harum Energy Tbk,Indonesia
Marina,Budiman,Co-Founder & President Commissioner,PT DCI Indonesia Tbk,Indonesia
Soeryadjaya,Edwin,President Commissioner,PT Saratoga Investama Segaya Tbk.,Indonesia
Wirastuty,Fangiono,Major Shareholder & Director,First Resources Ltd / PT FAP Agri Tbk,Indonesia
Han Arming,Hanafia,Co-Founder & Shareholder,PT DCI Indonesia Tbk,Indonesia
Robert Budi,Hartono,Owner & Major Shareholder,Djarum / Bank Central Asia,Indonesia
Michael,Hartono,Co-Owner & Major Shareholder,Djarum / Bank Central Asia,Indonesia
Dewi,Kam,Major Shareholder,PT Bayan Resources / PT Sumbergas Sakti Prima,Indonesia
Bachtiar,Karim,Chairman & CEO,Musim Mas Holdings,Indonesia
Bahari,Karim,Director,Musim Mas Holdings,Indonesia
Burhan,Karim,Director,Musim Mas Holdings,Indonesia
Sri Prakash,Lohia,Founder & Chairman,Indorama Corporation,Indonesia
Kartini,Muljadi,Senior Partner & Major Shareholder,Kartini Muljadi & Rekan / Tempo Scan Pacific,Indonesia
Marty,Natalegawa,Academic & Advisory Roles,Academia / International Organizations,Indonesia
Anindya,Novyan Bakrie,CEO,Bakrie Group,Indonesia
Diono,Nurjadin,President and CEO,PT Cardig International,Indonesia
Cherie,Nursalim,Vice Chairman,GITI Group,Indonesia
Arif,P.Rachmat,Co- Founder and Executive Chairman,Triputra Agro Persada Group,Indonesia
Prajogo,Pangestu,Founder & Chairman,Barito Pacific Group,Indonesia
Hilmi,Panigoro,President Director,"PT MedcoEnergi
",Indonesia
Agoes,Projosasmito,President Commissioner,Amman Mineral Internasional,Indonesia
Manoj,Punjabi,Co-Founder & CEO,MD Entertainment (MD Pictures),Indonesia
Theodore,Rachmat,Founder; Vice President Commissioner,Triputra Group / Alamtri Resources Indonesia,Indonesia
Alexander,Ramlie,Senior Executive & Board Roles,Rajawali Corpora / Formerly Freeport Indonesia,Indonesia
James,Riady,Chairman,Lippo Group,Indonesia
Mochtar,Riady,Chairperson,LIPPO Group,Indonesia
George,S.Tahija,Commissioner and Chairman,PT Austindo Nusantara Jaya Tbk,Indonesia
Axton,Salim,Director,Codigo Pte Ltd,Indonesia
Anthoni,Salim,President and CEO,Salim Group,Indonesia
Eddy Kusnadi,Sariaatmadja,Owner,Elang Mahkota Teknologi,Indonesia
Hasyim,Siraj,Head of Business Development,DayaLima Abisatya,Indonesia
Martua,Sitorus,Co-Founder (former Wilmar International executive),Gama Corporation,Indonesia
Edwin,Soeryadjaya,President Commissioner,PT Saratoga Investama Sedaya Tbk,Indonesia
Peter,Sondakh,Founder & Chairman,Rajawali Corpora,Indonesia
Eddy,Sugianto,Senior Executive (Director-level),PT Barito Pacific Group,Indonesia
Otto Toto,Sugiri,Co-Founder & President Director (CEO),PT DCI Indonesia Tbk,Indonesia
Djoko,Susanto,Founder & President Director,PT Sumber Alfaria Trijaya Tbk (Alfamart),Indonesia
Bambang,Sutantio,Founder & President Commissioner,PT Diamond Food Indonesia Tbk,Indonesia
James,T. Riady,Deputy Chairman,Lippo Group,Indonesia
Dato' Sri,Tahir,Founder; Member of Presidential Advisory Council,Mayapada Group / Presidential Advisory Council,Indonesia
Chairul,Tanjung,Founder & Chairman,CT Corp,Indonesia
Hary,Tanoesoedibjo,Founder & Executive Chairman,MNC Group (Media Nusantara Citra etc.),Indonesia
Hermanto,Tanoko,Founder & Chairman,Tanrise Property / Avia Avian,Indonesia
Anderson,Tanoto,Board of Trustees,Tanoto Foundation,Indonesia
Sukanto,Tanoto,Founder & Chairman,Royal Golden Eagle (RGE),Indonesia
Haryanto,Tjiptodihardjo,President Director,PT Impack Pratama Industri Tbk,Indonesia
Low,Tuck Kwong,Founder & President Director,PT Bayan Resources Tbk,Indonesia
Gracia,Ugut,Executive Director and Founder,LIPPO Education,Indonesia
Franky,Widjaja,Chairman and CEO,Golden Agri-Resources,Indonesia
Jesslyne,Widjaja,Executive Director,Golden Agri Resources,Indonesia
Lim Hariyanto,Wijaya Sarwono,Chairman,Harita Group,Indonesia
Yuri,Yogaswara,President Director,Daya Dimensi Indonesia,Indonesia
Kim,Beom-su,Founder & Chairman,Kakao Corp,South Korea
Koo,Bon-neung,Chairman,Heesung Group,South Korea
Koo,Bon-sik,Vice Chairman,Heesung Group,South Korea
Lee,Boo-jin,President & CEO,Hotel Shilla,South Korea
Chang,Byung-gyu,Founder & Chairman,"Krafton, Inc.",South Korea
Kim,Byunghoon,CEO,Medipost,South Korea
Shin,Chang-jae,Chairman & CEO,Kyobo Life Insurance,South Korea
Jae-Won,Chey,Vice Chairman & CEO,SK Holdings,South Korea
Song,Chi-hyung,Founder & Chairman,Dunamu (Upbit),South Korea
Younghoon,David Kim,CEO,Daesung Group,South Korea
Kwak,Dong Shin,"Senior Executive (family member, shareholder)",Hansol Group (affiliated),South Korea
Shin,Dong-joo,Former Vice Chairman; runs SDJ Corporation,Lotte Holdings Japan,South Korea
Park,Dong-suk,Vice Chairman,Celltrion Group,South Korea
Chung,Euisun,Executive Chair,Hyundai Motor Group,South Korea
Lee,Hae-jin,Founder & Global Investment Officer,Naver Corporation,South Korea
Lee,Ho-jin,Former Chairman (family still holds control),Taekwang Group,South Korea
Park,Hyeon-joo,Founder & Chairman,Mirae Asset Group,South Korea
Kwon,Hyuk-bin,Founder & Chief Visionary Officer,Smilegate Holdings,South Korea
Cho,Hyun-joon,Chairman,Hyosung Group,South Korea
Lee,Jay Y.,Executive Chairman,Samsung Electronics,South Korea
Lee,Jay-hyun,Chairman,CJ Group,South Korea
Kang,Julie,Senior Portfolio Manager,National Pension Service Investment Management,South Korea
Kim,Jun-ki,Former Chairman (stepped down; family still associated with group),Dongbu Group (DB Group),South Korea
Cho,Jung-ho,Chairman,Meritz Financial Group,South Korea
Yoo,Jung-hyun,Major Shareholder,Nexon (NXC Corp),South Korea
Seo,Jung-jin,Founder & Honorary Chairman (former Co-Chairman & CEO),Celltrion,South Korea
Kim,Jung-min,Co-Heir / Major Shareholder,Nexon (NXC Corp),South Korea
Kim,Jung-youn,Co-Heir / Major Shareholder,Nexon (NXC Corp),South Korea
Ramakrishna,Kilaparti,Head of Strategy,GREEN CLIMATE FUND,South Korea
Kwang-mo,Koo,Chairman & Chief Executive,LG,South Korea
Yoon,Kwan,General Partner,BlueRunVentures,South Korea
Koo,Kwang-mo,Chairman & CEO,LG Corp.,South Korea
Suh,Kyung-bae,Chairman & CEO,AmorePacific Group,South Korea
Seo-hyun,Lee,Overseer,Samsung Welfare Foundation,South Korea
Lee,Mie Kyung,Vice Chairwoman,CJ Group,South Korea
Chung,Mong-joon,Honorary Vice Chairman; Chairman of Asan Foundation,Hyundai Heavy Industries / Asan Foundation,South Korea
Chung,Mong-Koo,Honorary Chairman (former Chairman),Hyundai Motor Group,South Korea
Chang,Pyung-soon,Senior Executive / Co-Founder,Celltrion Group,South Korea
Hong,Ra-hee,"Director (former Director of Leeum, Samsung Museum of Art)",Samsung Foundation of Culture,South Korea
Lee,Sang-Yoon,Chairman & CEO,Locus Chain Foundation,South Korea
Lee,Seo-hyun,"Chairwoman, Samsung Welfare Foundation; Executive at Samsung C&T (fashion division)",Samsung C&T / Samsung Welfare Foundation,South Korea
Hong,Seok-joh,Chairman & CEO,BGF Retail (CU convenience stores),South Korea
Lee,Seung-gun,Founder & CEO,Viva Republica (Toss),South Korea
Bang,Si-hyuk,Founder & Chairman,HYBE Corporation,South Korea
Park,Soon-jae,Vice Chairman,Celltrion Holdings,South Korea
Lee,Su-jin,Founder & CEO,Yanolja,South Korea
Kim,Sung-Joo,"Founder, Chairwoman & Chief Visionary Officer",Sungjoo Group / MCM Holding AG,South Korea
Chey,Tae-won,Chairman,SK Group,South Korea
Kim,Taek-jin,Founder & CEO,NCSoft,South Korea
Chung,Tong Soo,Chairman,Blue Terra Capital,South Korea
Chung,Yong-ji,"Senior Executive (family member, leadership role)",Doosan Group,South Korea
Chung,Yong-jin,Chairman,Shinsegae Group,South Korea
Linh,Thai,Founder and CEO,Rita Phil,Veitnam
Vinh-Tuan,Ngo,MD - Head of Investment Banking,Viet Capital Securities,Veitnam
Khoi,Louis,Deputy CEO,Vietnam Prosperity Bank,Veitnam
Hung ,Nguyen,Founder,Sovico Holdings,Vietnam
Khoi,Phu Pham,Deputy CEO,Vietnam Prosperity Bank,Vietnam
Steve,Reid,Co-Founder & CFO,Glass Egg,Vietnam
Tai,Le,Managing Director,Merita Capital,Vietnam
Pham Nhat,Vuong,Founder & Chairman,Vingroup / VinFast,Vietnam
Nguyen Thi Phuong,Thao,President & CEO / Chairwoman,VietJet Air / Sovico Group / HDBank,Vietnam
Tran Dinh,Long,Chairman,Hòa Phát Group,Vietnam
Ho Hung,Anh,Chairman of the Board of Directors,Techcombank,Vietnam
Nguyen Dang,Quang,Co-Founder & Chairman,Masan Group,Vietnam
William & Mina,Hanbury-Tenison,Owner,www.fineartagent.com,Vietnam
Manuel,Villar,Chairman of the Board,"Vista Land & Lifescapes, Inc.",Philippines
Enrique,Razon Jr.,Chairman & President,"International Container Terminal Services, Inc. (ICTSI)",Philippines
Ramon,Ang,Chairman & Chief Executive Officer,San Miguel Corporation (SMC),Philippines
Lucio,Tan,Founder & Chairman,"LT Group, Inc.",Philippines
Henry,"Sy, Jr.",Chairman of the Board,"SM Prime Holdings, Inc.",Philippines
Hans,Sy,Executive Committee Chairman,"SM Prime Holdings, Inc.",Philippines
Herbert,Sy,Adviser to the Board,SM Investments Corporation (SMIC),Philippines
Harley,Sy,Executive Director,SM Investments Corporation (SMIC),Philippines
Teresita,Sy-Coson,Chairperson of the Board,"BDO Unibank, Inc.",Philippines
Elizabeth,Sy,President & Chair,SM Hotels and Conventions Corp. (SMHCC),Philippines
Andrew,Tan,Chairman,"Alliance Global Group, Inc. (AGI)",Philippines
Lucio,Co,Chairman,"Cosco Capital, Inc.",Philippines
Susan,Co,Chairperson,"Puregold Price Club, Inc.",Philippines
Tony Tan,Caktiong,Executive Chairman & Founder,Jollibee Foods Corporation (JFC),Philippines
Eusebio,Tanco,Chairman of the Board,"STI Education Systems Holdings, Inc.",Philippines
George M,Drysdale,Chairman and CEO,Marsman Drysdale Group,Philippines
Jaime Augusto,Zobel de Ayala,Chairman,Ayala Corporation,Philippines
Lawrence,Leonio,Board Director,LeonioLand,Philippines
Sheila Lirio,Marcelo,CEO,Ohai.ai,Philippines
Bernard,Vincent O. Dy’s,Chairman,Emerging City Holdings (Retired from Ayala),Philippines
Roberto,Angelini Rossi,Chairman,Empresas Copec S.A. / AntarChile S.A.,Chile
Patricia,Angelini Rossi,Fundación Angelini,President,Chile
Ricardo,Ariztía de Castro,President,Sociedad Nacionalc,Chile
Augusto,Clément,CEO and Founder,Sumatoid,Chile
Antonio,Cruz,Founding Partner,Moneda Asset Management,Chile
Claudio,Engel,General Director,F.H.Engel S.A.,Chile
Eduardo,Ergas,Director,Valle Nevado Hotel,Chile
Ricardo,Lagos,President,Fundacion Democracia y Desarrollo,Chile
Andronico,Luksic,Vice Chairman,Banco de Chile,Chile
Francisco,Pérez Mackenna,Chief Executive Officer,QUIÑENCO S.A.,Chile
Jesse,Seligman,Chief Executive Officer,Copperman,Chile
Abraham,Senerman Lamas,Owner,Valle Nevado Hotel,Chile
Carlo,Solari,Executive Director,Megeve,Chile
E. Francisco,Tomic,"Former Senior Vice President Human Developmen,t  CFO",Codelco,Chile
Suzan,Van Dijk,Financial Director,Unilever Chile,Chile
Karina,von Baer,President,Agro Top,Chile
Luis Enrique,Yarur Rey,"Director; Former Chairman (until Dec 31, 2024)",Bci (Banco de Crédito e Inversiones),Chile
Maria Asuncion,Aramburuzabala,Chief Executive Officer,Tresalia Capital,Mexico
Jose Ignacio,Avalos H.,Chairman,Gente Nueva,Mexico
Alejandro,Baillères Gual,Chairman (President of the Board),Grupo BAL,Mexico
Karen Virginia,Beckmann Legoretta,Board Member,"Becle, S.A.B. de C.V. (José Cuervo)",Mexico
Juan Domingo,Beckmann Legorreta,Chairman & Chief Executive Officer,"Becle, S.A.B. de C.V. (José Cuervo)",Mexico
Herminio,Blanco Mendoza,President,IQOM Inteligencia Comercial,Mexico
David,Buenfil,Director General,Haden Drysys Mexico Limited,Mexico
Fernando,Chico Pardo,Chairman of the Board,Grupo Aeroportuario del Sureste (ASUR),Mexico
Enrique,Coppel Luken,Co-owner; Former CEO (1982–2009),Grupo Coppel,Mexico
Rubén,Coppel Luken,Chairman of the Board,BanCoppel & Afore Coppel (Grupo Coppel),Mexico
Alberto,Coppel Luken,Chairman & Chief Executive Officer,GC1 Holding,Mexico
José,Coppel Luken,Co-owner; Board Member,Grupo Coppel,Mexico
Agustín,Coppel Luken,Chairman of the Board,Grupo Coppel,Mexico
Alienor,d'Arenberg,Founder,A for Owl,Mexico
Julio A.,de Quesada,Director Corporativo,Citibanamex,Mexico
Antonio,Del Valle Ruiz,Honorary Chairman for Life,Kaluz,Mexico
Fernando,Espinosa Abdalá,Former Operational President; Private Investments,Rimsa (Representaciones e Investigaciones Médicas) – sold 2016,Mexico
Leopoldo,Espinosa Abdalá,Former Executive President; Private Investments,Rimsa (Representaciones e Investigaciones Médicas) – sold 2016,Mexico
Carlos,FernÃ¡ndez Gonzalez,Vice Chairman & CEO,"Grupo Modelo, S.A.",Mexico
Jose Antonio,Fernandez C,CEO,Fomento Economico Mexicano SA de CV,Mexico
Enrique,Franco,Material Flow Engineer,Ford México,Mexico
Alejandro Federico,Gonzalez Davila,Chief Executive Officer,Primero Seguros,Mexico
Cynthia Helena,Grossman Fleishman,Board Member; Major Shareholder,Arca Continental,Mexico
Carlos,Hank Rhon,Chairman of the Board,Grupo Hermes,Mexico
Alfredo,Harp Helu,Honorary Chairman,Banco Nacional de México (Banamex),Mexico
Roberto,Hernandez Ramirez,Honorary Chairman,Banco Nacional de México (Banamex),Mexico
Richard,Hojel,Chairman of the Board / CEO,Frigus-Therme,Mexico
Ari,Kahan,President,"Kahan Automotriz, S.A. DE C.V.",Mexico
Andres,Lankenau,Chairman & CEO,GrupoElefante,Mexico
Germán,Larrea Mota Velasco,Executive President & Chairman of the Board,Grupo México,Mexico
David,Peñaloza Alanís,Chairman & Chief Executive Officer,Pinfra (Promotora y Operadora de Infraestructura),Mexico
Valentine,Perez,Co-founder,Monthly,Mexico
Fede,Ranero,CEO,Draiver and GP at Bridge,Mexico
Emilio,Romano,Managing Director,Bank of America Merrill Lynch,Mexico
Ricardo,Salinas Pliego,Founder & Chairman,Grupo Salinas,Mexico
Rene,Saul,CEO,Kapital,Mexico
Diego,Serebrisky,Founding Managing Partner,Dalus Capital.,Mexico
Jacobo,Shemaria,President,Mexel,Mexico
Carlos,Slim Helu,Honorary Chairman,América Móvil,Mexico
Nicolas Mariscal,Torroella,President,Marhnos,Mexico
Rufino,Vigil Gonzalez,Chairman,Industrias CH (Grupo Simec),Mexico
Arturo,Zapata,CEO,Corporación Zapata,Mexico
Hamdi,Akin,Founder & Chairman,Akfen Holding,Turkey
Semahat Sevim,Arsel,Board Member; Chair,Koç Holding / Vehbi Koç Foundation (VKV),Turkey
Mehmet Ali,Aydinlar,Founder & Chairman,Acıbadem Healthcare Group,Turkey
Sezai,Bacaksiz,Vice Chairman & Co-founder,Limak Holding,Turkey
Selçuk,Bayraktar,Chairman of the Board & CTO,Baykar,Turkey
Haluk,Bayraktar,CEO,Baykar,Turkey
Selim,Bora,Chairman,Summa International Construction Group,Turkey
Hakan,Bulgurlu,Chief Executive Officer,Beko,Turkey
Ahmet,Calik,Chairman of the Board,Çalık Holding,Turkey
Sefik Yilmaz,Dizdar,Co-owner / Partner,LC Waikiki (Taha Group),Turkey
Aydin,Dogan,Honorary Chairman & Founder,Doğan Holding,Turkey
Boyner Hanzade,Doğan,Vice Chairwoman,Doğan Holding,Turkey
Bulent,Eczacibasi,Chairman,Eczacıbaşı Holding,Turkey
Faruk,Eczacibasi,Vice Chairman,Eczacıbaşı Holding,Turkey
Ibrahim,Erdemoglu,Executive Chairman; Chairman,SASA Polyester / Erdemoğlu Holding,Turkey
Ali,Erdemoglu,Deputy Chairman of the Board (Co-owner),SASA Polyester,Turkey
Feridun,Gecgel,Chairman of the Board,Astor Enerji,Turkey
Erman,Ilicak,Honorary President (Founder),Rönesans Holding,Turkey
Stefano,Kaslowski,CEO,Organik Kimya,Turkey
Saban Cemil,Kazanci,Chairman; Chairman & CEO,Kazancı Holding / Aksa Enerji,Turkey
Ali Metin,Kazanci,Founder & Honorary Chairman,Kazancı Holding,Turkey
Ipek,Kirac,Chairwoman of the Board; also Board Member,Sirena Marine,Turkey
Mustafa Rahmi,Koc,Honorary Chairman,Koç Holding,Turkey
Ali,Koc,Businessman,Koc Family,Turkey
Mustafa,Kucuk,Largest Shareholder (former CEO),LC Waikiki (Taha Group),Turkey
Martin,Lau,President,Tencent,Turkey
Demet,Mutlu,Founder,Trendyol Group (DSM Group),Turkey
Nihat,Ozdemir,Founder & Honorary Chairman,Limak Holding,Turkey
Ipek,Ozilhan Ozkan,Vice President,PineBridge Investments,Turkey
Hüsnü,Özyegin,Chairman,Fiba Holding,Turkey
Ali,Sabanci,Chairman,Pegasus Airlines,Turkey
Suzan,Sabanci,Board Member,Sabancı Holding,Turkey
Vuslat Ali,Sabanci,Founder,Vuslat Foundation,Turkey
Ferit Faik,Sahenk,Chairman & CEO,Doğuş Holding,Turkey
Filiz,Sahenk,Leads Fashion & Tourism businesses; Shareholder,Doğuş Holding,Turkey
Deniz,Sahenk,Shareholder,Doğuş Holding,Turkey
Seckin,Tabak,Senior Director,Esas Private Equity,Turkey
Mehmet Sinan,Tara,Chairman of the Board,ENKA İnşaat ve Sanayi A.Ş.,Turkey
Mustafa Latif,Topbas,Co-founder & Major Shareholder (former Chairman & CEO),BİM,Turkey
Ahmed Afif,Topbas,Major Shareholder,BİM,Turkey
Kazim,Turker,Founder & Chairman,Türkerler Holding,Turkey
Murat,Ulker,Board Member; Chairman,Yıldız Holding / pladis / GODIVA,Turkey
Hamdi,Ulukaya,Founder & CEO,Chobani,Turkey
Murat,Vargi,Founder & Honorary Chairman; Co-founder,MV Holding / Turkcell,Turkey
Bedii Can,Yucaoglu,Director,MAP Yatırım,Turkey
Tara Family,,,Enka İnşaat ve Sanayi A.Ş.,Turkey
Adil ,Sani Konukoğlu,Chairman of the Board of Directors,Sanko Holdings,Turkey
Eldar,Abdurrazakov,Founder & CEO,Centras,Kazakhstan
Aidan,Akanov,Chief Executive Officer,Verny Capital,Kazakhstan
Arnur,Amirgaliyev,Partner,Huapion Sourcing Limited,Kazakhstan
Yessengali,Baimenov,Founder,QVM technology kazakhstan,Kazakhstan
Aida,Baimenova,Co-Owner,NBCgate,Kazakhstan
Armanzhan,Baitassov,Chairman,Board of Trustees at Alma University,Kazakhstan
Andrey (Evgeny),Dobrov,President,Fincraft Group,Kazakhstan
Peter,Foster,CEO,Global Foods,Kazakhstan
Dinmukhamet,Idrissov,Chairman,Supervisory Board of Kazakhstan Municipal Systems LLP,Kazakhstan
Ruslan,Idrissov,Minister,Ministry of Science and Higher Education of the Republic of Kazakhstan,Kazakhstan
Asset,Issekeshov,President,Eurasian Economic Club of Scientists,Kazakhstan
Diyar,Kanashev,CEP,Altynalmas JSC,Kazakhstan
Kairat,Karmanov,Vice Minister,Trade and Integration of the Republic of Kazakhstan,Kazakhstan
Murat,Karmisakov,President,"Eurasian Economic Club of Scientists"" Association",Kazakhstan
Nurlan,Khusseinov,CEO,Air Kazakhstan,Kazakhstan
Vladimir,Kim,Chairman,Kazakhmys,Kazakhstan
Dinara,Kulibaeva,Owner,Halyk Bank,Kazakhstan
Timur,Kulibayev,Owner,Halyk Bank,Kazakhstan
Askar,Mametov,CFO,Tavia Acquisition Corp.,Kazakhstan
Zhakyp,Marabayev,Founder,Karazhal Operating,Kazakhstan
Nuriya,Marabayev,President and CEO,Kazakhstan Nursultan Nazarbayev,Kazakhstan
Serik,Nugerbekov,Honorary Consul of France,Republic of Kazakstan,Kazakhstan
Sayasat,Nurbek,Deputy Chairman of Coordination Board,"Eurasian Economic Club of Scientists"" Association",Kazakhstan
Erlan,Ospanov,CEO,Verny Capital,Kazakhstan
Kenges,Rakishev,Board of Directors,ERZ.KZ,
Davron Munavarovich,Rustamkulov,Managing Director,"Central Asia Partnerships, LLP",Kazakhstan
Erlan,Sagadiev,Former Minister,Ministry fo Education,Kazakhstan
Islambek,Salzhanov,Chairman,YPO Kazakhstan,Kazakhstan
Asel,Salzhanov,VP-GR,Advantage Kazakhstan Ltd,Kazakhstan
Nurzhan,Shakirov,President and CEO,Air Astana,Kazakhstan
Kairat,Torebayev,Board Member,Astana International Exchange - AIX,Kazakhstan
Timur,Turlov,CEO,Freedom Holding,Kazakhstan
Arman,Turlubek,Chair of the Committee,Republic of Kazakhstan,Kazakhstan
Akkenzhe,Ubaidulla,Founder,KIONI STUDIO,Kazakhstan
Bulat,Utemuratov,Chairman,"Verny Capital, ATFBank Joint Stock Company",Kazakhstan
Zhumabek,Zhanykulov,Private Investor,Dobrov & Family Group.,Kazakhstan
Abdulla,Abdadirov,First Deputy General Director,Agency for Strategic Reforms under the President of the Republic of Uzbekistan,Uzbekistan
Ibrokhim,Abdurakhmonov,Founder,Center for Genomics and Bioinformatics of Uzbekistan.,Uzbekistan
Ilkhom,Azizov,Senior Partner,Azizov & Partners Firm of Advocates,Uzbekistan
Olim,Chodiev,CEO / head,Support Level,
Otabek,Djalilov,CEO,Avrud Ltd,Uzbekistan
Dinara,Dultaeva,Founder and CEO,Dinara&Co.,Uzbekistan
Bakhtiyor,Fazilov,Chairman,Eriell Group and Enter Engineering,
Adkham Ilhamovich,Ikramov,Former Minister of Youth Policy and Sports,Republic of Uzbekistan,Uzbekistan
Hadi,Kalo,Chief Executive Officer,Kalo Holdings,Uzbekistan
Kodir,Norov,Co-founder and CEO,Stolik,Uzbekistan
Alisher,Usmanov,Founder,Metalloinvest,Uzbekistan
Faisal,Abdullah,CEO,Nasihat Niaga,Malaysia
Syed Mokhtar,AlBukhary,Controlling shareholder (via private vehicles),MMC Corporation Berhad / DRB-HICOM,Malaysia
Fadzarudin and Vivy Yusof,Anuar,Co-Founder,FashionValet Group,Malaysia
Lim Wee,Chai,Founder & Executive Chairman,Top Glove Corporation Berhad,Malaysia
Quek Leng,Chan,Executive Chairman,Hong Leong Company (Malaysia),Malaysia
Jeffrey,Cheah,Founder & Chairman,Sunway Group,Malaysia
Lee Yeow,Chor,CEO ,IOI Corporation Berhad,Malaysia
Tony,Fernandes,Founder,Tune Air Sdn. Bhd.,Malaysia
Lim Chai,Hock,"Chief Operating Officer & Director (co‑founder, Bayan Group)",Bayan Resources (Indonesia),Malaysia
Cheah Cheng,Hye,"Honorary Chairman; Non‑Executive Director (since Jan 2, 2025)",Value Partners Group,Malaysia
Koon Poh,Keong,Group Chief Executive Officer,Press Metal Aluminium Holdings Berhad,Malaysia
Lau Cho,Kun,Controlling shareholder (via Gek Poh Holdings & Lei Shing Hong),Hap Seng Consolidated Berhad,Malaysia
Robert,Kuok,Founder,Kuok Group,Malaysia
William Teh,Lee Pang,Major shareholder (via estate/Consolidated Teh),Public Bank Berhad,Malaysia
Lillyn Teh,Li Hua,Major shareholder (via estate/Consolidated Teh),Public Bank Berhad,Malaysia
Lillian Teh,Li Ming,Major shareholder (via estate/Consolidated Teh),Public Bank Berhad,Malaysia
Diona Teh,Li Shian,Director & representative of family shareholding,Consolidated Teh Holdings (Public Bank family vehicle),Malaysia
B K,Modi,Chairman,Smart Group,Malaysia
Hamdan Bin,Mohamad,President and CEO,Ranhill Berhad,Malaysia
Lee Yeow,Seng,Group Chief Executive Officer,IOI Properties Group Berhad,Malaysia
Yuen Tuck,Siew,Chief Executive Officer,Jirnexu,Malaysia
Anthony,Tan,CEO,Grab,Malaysia
Lim Kok,Thay,Executive Chairman,Genting Berhad,Malaysia
Lee Thiam,Wah,Founder & CEO (Managing Director),99 Speedmart Retail Holdings,Malaysia
Kie Chie,Wong,Major shareholder,Fortescue Metals Group,Malaysia
Tan Yu,Yeh,"Advisor (Founder; ex‑Executive Vice Chairman, resigned 17 Apr 2025)",MR D.I.Y. Group (M) Berhad,Malaysia
Vivy Sofinas,Yusof,CEO,FashionValet,Malaysia
Helder,Bataglia,CEO,Escom,South Africa
Koos,Bekker,Former CEO,Naspers,South Africa
Terry,Booysen,CEO,CGF Research Institute (Pty) Ltd,South Africa
Lawrie,Brozin,Director,Nandos,South Africa
lan,Cockerill,CEO,Endeavour Mining,South Africa
Colin,Coleman,Member of the Board of Advisors,"Mercury Public Affairs, LLC",South Africa
Senator,Daggash,Nigerian Government / Private Sector,Former Senator & Minister; active in advisory/private roles,South Africa
Clifford,Dewell,Director Middle East,Paramount International Marketing,South Africa
Prieur,Du Plessis,Founding Partner,Sagewise Holdings Ltd,South Africa
Rob,Hersov,Chairman,African Gold Acquisition Corporation,South Africa
Hadeel,Ibrahim,Executive Director,Mo Ibrahim Foundation,South Africa
Ivor,Ichikowitz,Former executive chairman,Paramount Group,South Africa
Nizam,Kalla,Managing Director,Amka Products (Pty) Ltd,South Africa
Olivier,Laouchez,"Co-Founder, Chairman & CEO",TRACE,South Africa
Michiel,Le Roux,Founder,Capitec Bank,South Africa
HM Kgosi,Leruo Motolegi,"36th kgosi, or king",Royal Bafokeng Nation,South Africa
Seedy,Lette,Owner,global Africa Consulting,South Africa
Badian,Maasdorp,Director,Yard Investment Holdings,South Africa
Ron,Mackenzie,Founder,The Safari Guys,South Africa
Tshepo,Mahloele,Founder and Chairman,Lebashe Investment Group,South Africa
Jacko,Maree,Former Chief Executive,Standard Bank Group,South Africa
Daphne,Mashile-Nkosi,Executive Chairman,Kalagadi Manganese Pty Ltd,South Africa
Busisiwe,Mavuso,Chief executive officer,Business Leadership South Africa.,South Africa
Brian,Menell,CEO,TechMet Ltd,South Africa
Rick,Menell,Board and Management Roles,"Mining, Engineering and Finance Companies",South Africa
Sibani,Mngomezulu,Director,Luvivi Corporate Governance,South Africa
Saul,Molobi,CEO,Brandhill Africa (Pty) Ltd,South Africa
Patrice & Precious,Motsepe,Founder & Executive Chairman; President of CAF,African Rainbow Minerals / Confederation of African Football,South Africa
Jannie,Mouton & Family,Founder,PSG Group,South Africa
Lesley,Ndlovu,CEO,African Risk Capacity (ARC),South Africa
Stavros,Nicolaou,Group Senior Executive,Aspen Pharma Group,South Africa
Nicky,Oppenheimer,Chairman,De Beers,South Africa
Peter,Paul New Abah,Founder,African Direct Foreign Investment Hub inc,South Africa
Robin,Perks,CEO,Aperture Group and ExpandAfrica,South Africa
Sariel,Polatinsky,Africa Head of Base Metals and Mining,Barak Fund Management,South Africa
Johann,Rupert,Chairman,Richemont and Remgro,South Africa
George,Sebulela,President & Group Chief Executive,Sebvest Financial Services Group,South Africa
Iqbal,Surve,Chairman,Sekunjalo Investment Holdings,South Africa
Rabelin,Tchoumi,CEO,Diaspora capital,South Africa
Vusi,Thembekwayo,Founder and CEO,MyGrowthFund Venture Partners,South Africa
Lloyd,West,Managing Director,Fidelia Partners,South Africa
Christoffel,Wiese,Investor & Former Chairman; active in private investments,Shoprite / Pepkor / Investments,South Africa
Lwanda,Zingitwa,Corporate Financier,Rand Merchant Bank,South Africa
Jacko,Maree,Deputy Chairman / Board Member,Standard Bank Group,South Africa
Mosima,"Gabriel ""Tokyo"" Sexwale",Founder & Businessman; former politician,Mvelaphanda Group,South Africa
Amb Sadick,Jaffer,Advisory Board Member,CapeBPO,South Africa
Ashok,Sewanarain,Founder & Chairman,IBV International Vaults,South Africa
Ameen,Abdul,Chairman,Downlink Solutions,Nigeria
Wura Z Z,Abiola,Managing Director,Management Transformation Ltd.,Nigeria
Banjo,Adegbohungbe,Managing Director,Coronation Merchant Bank,Nigeria
Mike,Adenuga,Chairman,Globacom,Nigeria
Adebayo,Adewolu (Aigboje Imoukhuede),Chief Executive Officer,Trium Limited,Nigeria
Bola,Adigun,Partner,Deloitte,Nigeria
Dade,Adio-Moses,Director,Elektron Renewables,Nigeria
Aigboje,Aig-Imoukhuede,Chairman,Coronation Capital,Nigeria
Cyril,Akika,Managing Director,CityCode Investment Limited,Nigeria
Toye Akintoye,Akindele,CEO,Platform Capital Group,Nigeria
Jide,Akinyede,Executive Director,Pena oil and Gas Nig Ltd,Nigeria
Olatunbosun,Alake,"Honorable Commissioner, Innovation Science & Technology",Lagos State Government,Nigeria
Haresh,Aswani,Managing Director - Africa,Tolaram,Nigeria
Abubaker,Bagudu,Ministry of Budget and Economic Planning,Minister of Budget and Economic Planning of Nigeria,Nigeria
Gary,Bire,Chairman,DELTA INTEGRATED DEVELOPMENT PROGRAMME,Nigeria
Ronald,Chagoury Jr,Business Development Lead; Project Representative,The Chagoury Group / Eko Atlantic,Nigeria
Aditya,Chellaram,Executive director and CEO,Chellarams PLC,Nigeria
Suresh,Chellaram,Chairman,Chellarams Group Plc,Nigeria
Aliko,Dangote,Founder/CEO,Dangote Group,Nigeria
Serge,Dassas,Director,Elektrint (Nigeria) Limited,Nigeria
Tony O.,Elumelu,Chairman,Heirs Holdings,Nigeria
Maya (US) Horgan,Famodu,Founder and Partner,Ingressive Capital,Nigeria
Tunde,Folawiyo,Chairman,Yinka Folawiyo Group,Nigeria
Dade,Guy,Director,Elektron Renewables,Nigeria
Murli,Kewalram Chanrai,Chairman,Kewalram Chanrai Group,Nigeria
"Constantine  
Helen Afren",Labi,Director/Board Member,Petralon Energy Ltd.,Nigeria
Simi,Nwogugu,CEO,JA Africa,Nigeria
Col Paul,Obi,Former Administrator,"Bayelsa State, Nigeria",Nigeria
UjuUzo,Ojinnaka,CEO,Traders of Africa (TofA),Nigeria
Ben Ifeanyi,Okoye,Chairman,Dsv Pipetronix Ltd,Nigeria
Femi,Otedola,Chairman,Forte Oil PLC,Nigeria
Abdulsamad,Rabiu,Chairman,BUA Group,Nigeria
Bola,Shagaya,CEO,Bolmus Group International,Nigeria
Adetokunbo,Sijuwade,Group Managing Director,Okunade Sijuwade Holdings Limited,Nigeria
Jide,Taiwo,Founder (Estate Surveyors & Valuers),Jide Taiwo & Co.,Nigeria
Dada,Thomas,CEO,Frontier Oil Limited,Nigeria
Prince,Toks,CEO,-,Nigeria
Rewa,Udoji,"Director
Founder","Chapel Hill Denham
Cranstoun Corporation",Nigeria
Bernard,Andrzejewski,President of the Management Board (CEO),PPG Polifarb Cieszyn S.A.,Poland
Tomasz,Biernacki,Founder & Main Shareholder,Dino Polska,Poland
Rafal,Brzoska,Founder & CEO,InPost,Poland
Igor,Chalupec,Founder & Owner,ICENTIS Capital,Poland
Wojciech,J. Kostrzewa,President & CEO (also chairs Polish Business Roundtable),ITI Corporation,Poland
Andrzej ,Jacaszek,"Vice President & Managing Director (also Board roles at Marvipol Development, MCI Capital ASI, BAH)",ICAN Institute,Poland
Angelika,Jarosławska Sapieha,President of the Board,Royal Bridge Family Office,Poland
Zbigniew,Juroszek,Founder & CEO,Atal S.A.,Poland
Dominika,Kulczyk,Chairwoman & Board Member,Kulczyk Holding / Polenergia SA,Poland
Sebastian,Kulczyk,Founder / CEO,Manta Ray VC / Kulczyk Investments,Poland
Pawel,Marchewka,Founder & CEO,Techland,Poland
Dariusz,Milek,Founder & CEO,CCC SA,Poland
Włodzimierz,Paszkowski,Chairman of the Board,Norblin Capital Group,Poland
Wictor,Schmidt,Co-Founder and Executive Chairman,Netguru,Poland
Zygmunt,Solorz,Founder & Major Owner,Polsat / Cyfrowy Polsat Group,Poland
Michal,Solowow,Owner / Main Shareholder,"Synthos, Cersanit, Barlinek (and others)",Poland
Kinga,Stanisławska,Founder & Managing Partner,Experior Venture Fund,Poland
Jerzy,Starak,Owner,Polpharma / Polpharma Biologics,Poland
Alle,Ypma,Member of the Supervisory Board,Grupa Żywiec S.A.,Poland
Qusai,A. AISaif,CEO & Managing Director,Sadu Capital,Saudi Arabia
Amr,A. Al-Dabbagh,Chairman of the Board,Saudi Arabian General Investment Authority (SAGIA),Saudi Arabia
Khalid,A. Alireza,Chairman,Xenel,Saudi Arabia
Khaled,A. Juffali,Chairman,E.A. Juffali & Brothers,Saudi Arabia
Adnan,A. Soufi,Founder & Chairman,DAS Partners,Saudi Arabia
Mohammad,Abdelqader,Managing Director,GCC,Saudi Arabia
Adnan,Abduljawad,CEO,Vibgyor,Saudi Arabia
Mohammad,Abdullah Abunayyan,Founder and Chairman of the board of directors,ACWA Power,Saudi Arabia
Adwa,AbdulrahmanAlarifi,Deputy Minister,Ministry of Sports,Saudi Arabia
Ramzi,Abukhadra,Managing Partner,Mayaasim Al Khaleej,Saudi Arabia
Ali,Abulhasan,Co-Founder & CEO,Tap Payments,Saudi Arabia
Rakkan,AbuNayyan,Board Member,Abunayyan Holding,Saudi Arabia
H.E. Muna,AbuSulayman,Founder,Transformational Leadership Impact Fellowship,Saudi Arabia
Mohamed,Al Abbar,Founder & Chairman,Emaar Properties,Saudi Arabia
Badr,Al Asaker,Secretary General,King Salman Youth center,Saudi Arabia
Badr,Al Badr,CEO,Misk Foundation,Saudi Arabia
Abdulaziz M.,Al Gudaimi,EIG Chairman MENA Region,EIG,Saudi Arabia
Sulaiman,Al Habib,Founder & Chairman,Dr. Sulaiman Al Habib Medical Group,Saudi Arabia
Mohammed,Al Hammad,Center of Excellence Director,Principal Buyer | Saudi Power Procurement Company,Saudi Arabia
Saleh,Al Helaissi,Board Member,Saudi Arabian Cooperative Insurance Company (SAICO),Saudi Arabia
Waleed bin Ibrahim,Al Ibrahim,Founder & Chairman,MBC Group,Saudi Arabia
Mohammed,Al Jasser,Chairman,Cipher,Saudi Arabia
Adel,Al Jubeir,Minister of State for Foreign Affairs,Saudi Arabia,Saudi Arabia
Majid,Al Kasabi,Minister of Commerce,Ministry of Commerce of Saudi Arabia,Saudi Arabia
Firas,Al Kassim,Board Member,GARMIN DARMOJA KSA,Saudi Arabia
Husam,Al Madani,Managing Director - A PIF Company,Public Investment Fund (PIF),Saudi Arabia
Manar,Al Moneef,Chief Investment Officer,NEOM,Saudi Arabia
Essam A.K.,Al Muhaidib,Chief Executive Officer,Al Muhaidib Group,Saudi Arabia
Emad,Al Muhaidib,Senior Executive / Family Stakeholder,Al Muhaidib Group,Saudi Arabia
Sulaiman,Al Muhaidib,Chairman,Al Muhaidib Group,Saudi Arabia
Sultan,Al Musallam,Deputy Minister,Tourism for International Affairs,Saudi Arabia
Abdullah Amer,Al Nahdi,Founder & Chairman,Nahdi Medical Company,Saudi Arabia
Abdullah,Al Othaim,Chairman,Al Othaim Holding / Abdullah Al Othaim Markets,Saudi Arabia
Aziz,Al Othman,Group CEO,Al Othman Holding,Saudi Arabia
Khaled A.,Al Qahtani,CEO,Abdulhadi A. Al Qahtani Sons Group,Saudi Arabia
Abdullah bin Sulaiman,Al Rajhi,Chairman of the Board,Al Rajhi Bank,Saudi Arabia
Khalid Abdul Rahman Saleh,Al Rajhi,Board Member / Family Investor,Al Rajhi Bank / Al Rajhi Family Office,Saudi Arabia
Naif A.S,Al Rasheed,Founding Partner,3 Ventures Saudi Arabia,Saudi Arabia
Hassan,al Salem,Minister plenipotentiary,Ministry of Foreign Affairs,Saudi Arabia
HRH Haifa,Al Saud,Vice Minister of Tourism,Kingdom of Saudi Arabia,Saudi Arabia
Mazin,Al Shanbari,Chief Investment Officer,Jada Fund of Funds,Saudi Arabia
Saleh,Al Sheikh,"Minister of State, Member of the Council of Ministers and the Council of Political and Security Affairs",Saudi Arabia,Saudi Arabia
Muhammed,Al Shiha,MENA Direct Investments,Public Investment Fund (PIF),Saudi Arabia
Abdulrahman,Al Suhaymi,COO,The Venture Capital and Private Equity Association,Saudi Arabia
Nouf,Al Zamil,Board Member,Endeavor Saudi Arabia,Saudi Arabia
Mohammed,Al- Sowaidi,Head,Qatar Investment Authority Advisory,Saudi Arabia
HRH Nabeel,Al-Amudi,CEO,Olayan Financing Company,Saudi Arabia
Amr,Al-Dabbagh,Chairman and CEO,AL DABBAGH GROUP,Saudi Arabia
Turki,Al-Faisal,Chairman,King Faisal Foundation's Center for Research and Islamic Studies,Saudi Arabia
Mohamed,Al-Khereiji,CEO,Engineer Holding Group,Saudi Arabia
Rabab,Al-Mahassen,Managing Director,AL-MAHASSEN GROUP,Saudi Arabia
Nadhmi,Al-Nasr,Chief Executive Officer,NEOM,Saudi Arabia
Haitham,Al-Ohali,Vice Minister,"Ministry of Communications & IT, Saudi Arabia",Saudi Arabia
Yaser,Al-Onaizan,CEO,SDAIA,Saudi Arabia
Hamad Ali,Al-Sagri,Chairman,Al-Sagri Group,Saudi Arabia
Dimah,Al-Sheikh,Executive Director,Misk Foundation,Saudi Arabia
Talal,Alajou,Co-Founder,Amana Global Partners,Saudi Arabia
Faysall,Alaquil,Chief Executive Officer,Falcons Esports,Saudi Arabia
H.E. Mohammed,Alariefy,Assistant Deputy Minister for Entrepreneurship,Ministry of Communications and Information Technology of Saudi Arabia,Saudi Arabia
Sarah,Alashban,Partner,Khwarizmi Partners,Saudi Arabia
Adel,Alateeq,Chief Executive Officer,Jada Fund of Funds,Saudi Arabia
Shihana,Alazzaz,Chairwoman of Board of Directors,Saudi Authority for Intellectual Property,Saudi Arabia
Fares,AlBalwi,Chairman,ABG,Saudi Arabia
Nouf,Aldakhil,Chief of Staff,Savvy Games Group,Saudi Arabia
Khalid,Aldakkan,SVP Innovation,KACST,Saudi Arabia
H.E. Ahmed,Alhakbani,Co-Founder and CEO,SiFi.app,Saudi Arabia
Amr,Aljallal,Managing Director & CEO,Namara Investments,Saudi Arabia
Yasser,Alkadi,Managing Director - Co Founder,Khwarizmi Capital,Saudi Arabia
Mohammed,Alkaff Alhashmi,Co-Founder,Islamic Coin,Saudi Arabia
Faisal,Alkassim,Senior Vice President,Public Investment Fund (PIF),Saudi Arabia
Mohammed,AlKhalil,Chairman,Alujain Corp.,Saudi Arabia
Ammar,AlKhudairy,Co-Founder,Amwal Capital Partners,Saudi Arabia
Omar,Almajdouie,Founding Partner,Raed Ventures,Saudi Arabia
Omar,Almohammady,Chief Executive Officer,BATIC Investments & Logistics Company,Saudi Arabia
Ibrahim,Almojel,Founding Partner,Khwarizmi Holding,Saudi Arabia
Mohammed,Alotaibi,Acting Head,RDIA,Saudi Arabia
Jalal,Alotaibi,Executive Manager,ACWA Power,Saudi Arabia
Abdullah,Alothman,CEO,Link social network,Saudi Arabia
Osama,Alraee,Co-Founder & CEO,Lendo,Saudi Arabia
Saleh,Alrasheed,Chief Executive Officer,Royal Commission for Makkah City & Holy Sites,Saudi Arabia
Jomana,Alrashid,Chief Executive Officer & Board Member,SRMG,Saudi Arabia
Raed,Alrayes,CEO,Dussur,Saudi Arabia
Saud,Alsabhan,Vice Governor,MonshaatSA,Saudi Arabia
Manar,AlSagob,Co-founder/Board Member,Faseel,Saudi Arabia
Qusai A.,AlSaif,CEO and Managing Director,Sadu Capital,Saudi Arabia
Khalid,AlSaleh,CEO,Riyadh Valley Company (RVC),Saudi Arabia
Prince Alwaleed Bin Talal,Alsaud,Founder & Chairman,Kingdom Holding Company,Saudi Arabia
Turki,Alshabanah,Former Minister of Media,Government of Saudi Arabia,Saudi Arabia
Saeed,Alshihri,VP of Energy and Industry Sector,KACST,Saudi Arabia
Abdulrahman,AlSuhyami,Managing Director,Saudi Arabian Packaging Industry W.L.L - SAPIN,Saudi Arabia
HRH Prince Sarah,Althari,Founder and Managing Partner,The Althari Group (TAG),Saudi Arabia
Abdul Mohsen,Altouq,CEO,Altouq Group,Saudi Arabia
HE Mohammed Al Sheikh,Alula,Advisory Office - H.E the Minister,Ministry of Industry and Mineral Resources,Saudi Arabia
Khaled,Alwaleed Alsaud,Founder and CEO,KBW Ventures,Saudi Arabia
Hisham,Attar,Managing Partner,Thara Investments,Saudi Arabia
Ali,Ayub,Chief Portfolio Officer,Vision Invest (Vision International Investment Company),Saudi Arabia
Abdul,Aziz Ai-Hassan,,FUTURE LEADERS GROUP,Saudi Arabia
Hamza,B. Alkholi,Chairman and CEO,Hamza Alkholi Group,Saudi Arabia
Ihsan,Bafakih,Governor,Real Estate General Authority,Saudi Arabia
Kamal,Bahamdan,Founder,Safanad,Saudi Arabia
HRH Dr. Hamza,Bahieldin Al Kholi,Chairman,Al-Kholi Group,Saudi Arabia
Hassan,Bahloul,"MD, Head of Investment Placement & Business Development",Sidra Capital,Saudi Arabia
Rehan,Baig,"Chief Corporate Affairs, Strategy & Sustainabilty Officer",ACWA Power,Saudi Arabia
Khaled,Balghunaim,Head of Private Equity,Jada Fund of Funds,Saudi Arabia
Reema,Bandar Al-Saud,Ambassador of the Kingdom of Saudi Arabia to the United States of America,Saudi Arabian Embassy,Saudi Arabia
Fatmah,Baothman,CEO,Abdullah AlOthaim Investment,Saudi Arabia
Kazbek,Bassiev,Sr. VP,Vision Invest,Saudi Arabia
Waleed,Basuliman,General Manager,Ministry of Industry and Mineral Resources,Saudi Arabia
HRH Bakyt,Batyrshayev,Ambassador,The Republic Of Kazakhstan Ambassy in Riyadh,Saudi Arabia
William Bao,Bean,Managing General Partner,Orbit Startups,Saudi Arabia
H.E. Ida,Beerhalter,Co Head,IOME,Saudi Arabia
Graham David,Bell,Managing Partner,Bridge Partners,Saudi Arabia
His Royal Highness Prince Nayef,bin Abdulaziz Al Saud,Deputy Prime Minister and the Minister of Interior,Government of Saudi Arabia,Saudi Arabia
HH Prince Ahmad Bin Khalid,Bin Abdullah,Member of the House of Saud,,Saudi Arabia
Saud,Bin Abdullah Bin Thenayan Al-Saud,Chairman,Royal Commission for Jubail and Yanbu,Saudi Arabia
Khalid,Bin Bader Al Saud,Managing Director,Private Family Office,Saudi Arabia
Faisal,Bin Bandar Bin Sultan Al Saud,Chairman,Saudi Esports Federation,Saudi Arabia
HH Prince Mishaal,bin Saud Al Saud,Member,House of Saud,Saudi Arabia
Yaser,Binmahfouz,Chairman of the Board,SEDCO Holding,Saudi Arabia
Ghazi,Binzagr,Member of The Shura Council,The Shura Council_SA,Saudi Arabia
Osama,Bukhari,Member of the Management Board,Alfaris International Group,Saudi Arabia
Sheikh Khaldoon,Bushnaq,Co-Founder,Alma Health,Saudi Arabia
JamilAl,Dandany,Director,KAUST,Saudi Arabia
Fahad Al,Dhubaib,Senior Vice President of Strategy & Market Analysis,Aramco,Saudi Arabia
Robert,E. Willen,Managing Partner and Chairman,Kearney,Saudi Arabia
Mohammed,El Khereiji,Chairman,Global Group of Companies,Saudi Arabia
Munir,Eldesouk,President,King Abdulaziz City for Science and Technology,Saudi Arabia
Mahmoud,Elkady,CEO -MEA Region,QHSSE PLATFORM,Saudi Arabia
H.E. Amr,Enany,Vice Chairman,Enany Group of Companies,Saudi Arabia
Hani,Enaya,Chief Investment Officer,Sanabil Investments,Saudi Arabia
Ehsan,F. AbdulJawad,Chief Executive Officer,GlobeGroup,Saudi Arabia
Sultan,Fahd Salman Al Saud,Executive Chairman,Eirad Group,Saudi Arabia
Princess Noura ,Faisal Al Saud,CEO,Culture House,Saudi Arabia
Prince,Faisal Bin Bandar Bin Sultan Al Saud,Chairman,Saudi Esports Federation,Saudi Arabia
Ammar Soliman,Fakeeh,Chairman,Dr. Soliman Fakeeh Hospital / Fakeeh Care Group,Saudi Arabia
Mazen Soliman,Fakeeh,President & CEO,Dr. Soliman Fakeeh Hospital / Fakeeh Care Group,Saudi Arabia
Hisham Al,Falih,Co-Founder & CEO,Lean,Saudi Arabia
Rayan,Fayez,Deputy CEO,NEOM,Saudi Arabia
Mirik,Gogri Biomass,Sustainability Investor,Spectrum Impact,Saudi Arabia
Amin,H.Nasser,President and CEO,Saudi Aramco,Saudi Arabia
Farid,Habib,Investment Management,Public Investment Fund (PIF),Saudi Arabia
Arun,Hari,Head,Saudi British Bank,Saudi Arabia
Zaki A.,Hasanain,Founder,Benchmark,Saudi Arabia
Mazen,Hazwani,Director,,Saudi Arabia
David,Henry,CEO,Misk City,Saudi Arabia
Brent,Hire,Board Member,AMACO ·,Saudi Arabia
Lubna,Hussain,"Partner, Integrated Government Specialist",Consulum,Saudi Arabia
Abdullah,I. Al-Hobayb,Businessman,ABB,Saudi Arabia
Abdallah,I. Saade,Chief Executive Officer,Alawwal INVEST,Saudi Arabia
KareemTalal,Idriss,Chief Executive Officer,electric house,Saudi Arabia
Majid,Iraqui,Managing Director,chez TAQA Africa,Saudi Arabia
Hassan,Jameel,Deputy President and Vice Chairman,Abdul Latif Jameel,Saudi Arabia
Yousuf Mohammad,Jamjoom,Chairman,Jamjoom Pharma / Jamjoom Group,Saudi Arabia
HE Mohammed Al,Jasser,Chairman,Islamic Development Bank (IsDB) Group,Saudi Arabia
Fariha Ansari,Javed,Partner,Stride Ventures,Saudi Arabia
Khaled,Juffali,Chairman,Khaled Juffali Company,Saudi Arabia
Yassir,K. Sindi,Executive Chairman,Al Faris Food Industries Ltd.,Saudi Arabia
Morris,Kahn,Founder,Aurec Group,Saudi Arabia
Abdul,Kanoo,Deputy Chairman,Yusuf Bin Ahmed Kanoo,Saudi Arabia
Ali,Keridy,CEO & Co Founder,DigitalHarbor,Saudi Arabia
Suhel,Khan,Ambassador of India to the Kingdom of Saudi Arabia,Embassy of India,Saudi Arabia
Joseph,Kirikian,Chief Investment Officer,TASARU Mobility Investments,Saudi Arabia
Nabeel Abdulqadir,Koshak,CEO & Board Member,SVC,Saudi Arabia
Maj Vineet,Kumar,Founder & Global President,CyberPeace Foundation,Saudi Arabia
Ryan,Lefers,Founder,iyris,Saudi Arabia
Basil,M. Al Ghalayini,Chairman and CEO,BMG Financial Group,Saudi Arabia
Badr,M. Al-Aiban,Director,Delta International,Saudi Arabia
Said,M. Baarma,Chairman,Amsad Architectural Associates,Saudi Arabia
Mazen,M. Batterjee,Managing Director,Batterjee Pharma,Saudi Arabia
Ayman,Maamoun Tamer,Chairman,Tamer Group,Saudi Arabia
Husam Al,Madani,Managing Director,THE RIG.,Saudi Arabia
Abdullah,Majdili,Deputy CEO,Confidential Government,Saudi Arabia
Javier Sanchez-,Marco,Founding Partner,Obersis Ventures,Saudi Arabia
Omar,Midani,CEO,Vision Invest,Saudi Arabia
Ahmed,Mohtaseb,EVP Corporate Development & Strategy,Sela Sports,Saudi Arabia
Abdulrahman,Moulay AlBizioui,Partner,EY,Saudi Arabia
Hazem Al,Mubarak,Managing Partner,Horton International,Saudi Arabia
M.M.,Murugappan,Former Chairman,Murugappa Group,Saudi Arabia
Omar,Najjar,Deputy CEO,MiSK Foundation (Prince Mohammed bin Salman bin Abdulaziz Foundation),Saudi Arabia
Ibrahim,Neyaz,CEO,National Technology Development Program - Harvard Business School alumni,Saudi Arabia
Nabil,O. AlKhowaiter,Director Global Business Development,Worley energy,Saudi Arabia
Taha,O. Nazer,Chief Financial Officer,Cruise Saudi,Saudi Arabia
Sultan,Olayan,Director,The Olayan Group,Saudi Arabia
Basmah,Omair,Founder/CEO,Behavioral Management Consulting Co,Saudi Arabia
Ranjith,Powell,Head of Ports & Transport Infrastructure,Public Investment Fund (PIF),Saudi Arabia
Princess,Reema Bandar Al Saud,11th Ambassador of Saudi Arabia to the United States,-,Saudi Arabia
Daniel,Reime,Director,aramco digital,Saudi Arabia
Abdulwahab,S Albabtain,Executive Director,Al Babtain Group,Saudi Arabia
Ahmed,S. Banaja,CEO,Saudi Economic and Development Co. (SEDCO),Saudi Arabia
Abdallah,S. Jum'ah,Chairman,The Saudi Investment Bank (SAIB),Saudi Arabia
Lubna,S. Olayan,CEO and Deputy Chair,Olayan Financing Company,Saudi Arabia
Hassan,S. Yamani,CEO,Anaam International Holding Group,Saudi Arabia
Mohamed,Saeed Qasmi,Chairman,Ghaf Investments,Saudi Arabia
Olivier,Sage,CFO,TONOMUS,Saudi Arabia
Sultan,Salah Al-Hejailan,Partner and Managing Attorney,LFSH,Saudi Arabia
Shaima,Saleh AlHusseini,Managing Director,Saudi Sports for All Federation,Saudi Arabia
Alex,Sarac,Partner,Addleshaw Goddard,Saudi Arabia
Manu,Sawhney,Chief Executive Officer,International Cricket Council,Saudi Arabia
Amjed,Shacker,Acting Chief Executive Officer,Saudi Convention & Exhibition General Authority,Saudi Arabia
Mohammed,Shafiq,Chief Executive Officer,SEMCO GLOBAL ENTERPRISE,Saudi Arabia
Rashed,Sharif,Chief Executive Officer,SNB Capital,Saudi Arabia
Naman,Sharma,Partner,A.T. Kearney Middle East Ltd.,Saudi Arabia
Ziyad,Shiha,Director/Board Member,NATIONAL PETROCHEMICAL COMPANY,Saudi Arabia
Mahmoud,Sidani,Executive Chairman,Unigaz & Sidani Group,Saudi Arabia
Atul,Singh,Group President,The Coca-Cola Company,Saudi Arabia
Faisal Al,Solami,Chairman,Edama,Saudi Arabia
MunaAbu,Sulayman,Partner,TRANSFORM VC,Saudi Arabia
Prince,Sultan Al Saud,CEO,SIDF,Saudi Arabia
Prince,Sultan Fahd Salman,Executive Chairman,Eirad Holding Group,Saudi Arabia
Ayman,Tamer,Chairman & Partner,Tamer Group,Saudi Arabia
Abdulrahman,Tarabzouni,Founder & CEO,STV,Saudi Arabia
HRH Noura bint,Turki Al Saud,Founding Partner,AEON strategy,Saudi Arabia
HE Mohammad Al,Tuwaijri,Saudi Arabian politician,,Saudi Arabia
Andrei,Ugarov,Managing Director Credit Advisory,IMPACT46,Saudi Arabia
Vishal,Wanchoo,CEO,Oxagon,Saudi Arabia
Sheikh Mohammed,Y Khereiji CH,CEO,Engineer Holding Group,Saudi Arabia
Abdullah,,Founder and CEO,Lucidya,Saudi Arabia
Fabián ,Alejandro de Paul,Director / Board Member,Banco Macro S.A.; Operating Partner at Pampa Capital,Argentina
Pablo,Borboroglu,Co-founder and co-chair,IUCN Species Survival Commission (SSC) Penguin Specialist Group,
Jorge,Born Jr.,CEO & President,Consult Y Asociados SA,Argentina
Alejandro,Bulgheroni,President & Owner,Pan American Energy / Bridas Corp,Argentina
Marcos,Bulgheroni,Group CEO,Pan American Energy,Argentina
Wences,Casares,Entrepreneur and former CEO,Xapo,
Eduardo,Costantini,Founder & Chairman,Consultatio / Real Estate / Art Institutions,Argentina
Eduardo,Eurnekian,Chairman & Major Investor,Corporación América,Argentina
Delfin,Jorge Ezequiel Carballo,Former Chairman (stepped down in 2023),Banco Macro (Argentina),Argentina
Carlos ,Leone,Former executive; “ex-ejecutivo de Acindar”,Acindar Industria Argentina de Aceros S.A.,Argentina
Andrés ,M. von Buch,President,Chaguar S.A.,Argentina
Leo,Martellotto,Chief Development Officer,JA Worldwide - Harvard Alumnus (PLDA),
Luis ,Pagani,Chairman,Arcor Group,Argentina
Camilo,Angarita,President,UPS,Colombia
Juan ,Carlos Mora,CEO,Bancolombia,Colombia
Luis,Carlos Sarmiento,Founder & Chairman,Grupo Aval,Colombia
Clara,Colbert,Founder and Executive Director,Fundación Escuela Nueva Volvamos a la Gente,Colombia
Vicky ,Colbert De Arboleda,Founder and Executive Director ,Escuela Nueva Foundation,Colombia
Beatriz,Davila de Santo Domingo,Family principal & philanthropist,Santo Domingo Group / Fundación Santo Domingo,Colombia
Carlos ,Julio Ardila,Board Member ,Grupo Ardila Lülle,Colombia
Alejandro ,Santo Domingo,Managing Director ,Quadrant Capital Advisors,Colombia
David,Velez,Co-Founder & CEO,Nubank (Nu Holdings Ltd.),Colombia
Hassan,Abdou,Non-Executive Director,Orascom Investment Holding; Orascom Financial Holding; La Mancha Services,Egypt
Helmy,Abouleish,Chair of the Board & Managing Director,SEKEM Group,Egypt
Shahinaz,Ahmed,Country Director (since 2013),AMIDEAST Egypt,Egypt
A. Galil Abdulhak,Besher,non-executive Chairman,Coca-Cola Egypt,Egypt
Tamer,El Mahdi,Founder and CEO,"Trading Globe, Ltd",Egypt
Yasser,El-Mallawany,Vice Chairman of the Board,EFG Hermes Holding / EFG Holding S.A.E.,Egypt
Shafik and Gigi,Gabr,Chairman and foundeR,ARTOC Group for Investment and Development,Egypt
Sherif M. R.,Hashem,Senior Cyber Security Advisor,Minister of Communications and Information Technology,Egypt
Mohamed,Mansour,Chairman; Founder & Chairman (Man Capital),Mansour Group / Man Capital,Egypt
Youssef,Mansour,Chairman (consumer products & distribution),Mansour Group,Egypt
Yasseen,Mansour,Chairman; Board Member / Co-owner,Palm Hills Developments / Mansour Group,Egypt
Amr,Moussa,Former Minister of Foreign Affairs of Egypt,,Egypt
Nassef,Sawiris,Executive Chairman (OCI N.V.); Chairman (Orascom Construction); Co-owner & Chairman (Aston Villa),OCI N.V. / Orascom Construction PLC / Aston Villa (NSWE),Egypt
Naguib and Onsi ,Sawiris,Chairman; Chairman (gold-mining investment company),Orascom Investment Holding / La Mancha Holding,Egypt
Sherif,Zarkani,Director (Airline Executive),ZAS Airline of Egypt,Egypt
Shahid,Khan,Owner & Executive Chairman,Flex-N-Gate; Jacksonville Jaguars (NFL); Fulham FC (EPL),Pakistan
Mian Muhammad,Mansha,Chairman,Nishat Group; MCB Bank; DG Khan Cement; Adamjee Insurance,Pakistan
Anwar,Pervez,Founder & Chairman,Bestway Group (UK & Pakistan),Pakistan
Majjid,Bashir,Chairman & Senior Partner,"ACM Group (legal, business advisory)",Pakistan
Anwar Saifullah,Khan,Businessman; Ex-Federal Minister,Saif Group; former Pakistani politician (PPP/PML-Q),Pakistan
Jahangir,Siddiqui,Founder & Chairman,JS Group; JS Bank,Pakistan
Noor Alam,Khan,Member of National Assembly; Politician,National Assembly of Pakistan (politics),Pakistan
Shahid,Ahmad,Director,Anis Ahmed & Bros. Pvt Ltd.,Pakistan
Ikram Ul-Majeed,Sehgal,Chairman, Pathfinder Group,Pakistan
Hussain,Dawood,Chairman,Dawood Hercules Corporation and Engro Corporation,Pakistan
Malala,Yousafzai,Cofounder,Malala Fund,Pakistan
Sadruddin,Hashwani,Chairman ,Hashoo Group,Pakistan
Morris,Chang,Founder & Emeritus Chairman,TSMC (Taiwan Semiconductor Manufacturing Co.),Taiwan
Richard,Chang,Founder & Former CEO,Semiconductor Manufacturing International Corporation (SMIC),Taiwan
Lin,Chang Su-O,Co-Founder,Chang Chun Group,Taiwan
Pierre,Chen,Founder & Chairman,Yageo Corporation,Taiwan
Samuel,Chen,Founder & Chairman,Compal Electronics,Taiwan
Tony,Chen,Co-Founder & Chairman,MediaTek,Taiwan
Lin,Chen-hai,Founder & Chairman,Changhua-based property and finance holdings,Taiwan
Bruce,Cheng,Founder & Honorary Chairman,Delta Electronics,Taiwan
Tsai,Cheng-ta,Director / Stakeholder,Cathay Financial Holdings,Taiwan
Tsai,Chi-jui,Chairman,Shinkong Synthetic Fibers Corporation,Taiwan
Danny,Chiu,Chairman and CEO,Morrison Express Corp. Ltd.,Taiwan
Wang,Chou-hsiong,Founder & Honorary Chairman,Hotai Motor (Toyota distributor in Taiwan),Taiwan
David,Chu,Founder,Nautica,Taiwan
Chao,Chung-Hsin,Vice Chairman,Inventec,Taiwan
Chang,Chung-Hsing,Chairman,ASE Group (Advanced Semiconductor Engineering),Taiwan
Wu,Chung-yi,Vice Chairman,Pou Chen Group,Taiwan
Zhang,Congyuan,Founder & Chairman,Huali Industrial Group,Taiwan
Tsai,Eng-meng,Chairman & CEO,Want Want China Holdings,Taiwan
Terry,Gou,Founder (former Chairman),Hon Hai Precision Industry (Foxconn),Taiwan
Tsai,Hong-tu,Chairman,Cathay Financial Holdings,Taiwan
Douglas,Hsu,Chairman & CEO,Far Eastern Group,Taiwan
Wei,Ing-Chou,Co-Founder & Chairman,Ting Hsin International Group,Taiwan
Chin,Jong Hwa,Founder & Chairman,Minth Group,Taiwan
Cho,Jyh-jer,Chairman,Standard Foods / Wei Chuan Foods,Taiwan
Shirley,Kao,Major Shareholder / Family Representative,Uni-President Enterprises (family stakeholder),Taiwan
Andre,Koo,"Investor, Founder of K8 Capital",Koo Family Holdings / K8 Capital,Taiwan
Angelo,Koo,Chairman,CTBC Financial Holding,Taiwan
Jeffrey,"Koo, Jr.","Former Vice Chairman, Family Investor",CTBC Financial Holding,Taiwan
Chang,Kuo-Hua,Director / Family Stakeholder,Evergreen Group,Taiwan
Yeh,Kuo-I,Co-Founder & Honorary Chairman,Ruentex Group,Taiwan
Chang,Kuo-Ming,Director / Family Stakeholder,Evergreen Group,Taiwan
Chang,Kuo-Wei,Founder & Chairman,Starlux Airlines,Taiwan
Barry,Lam,Founder & Chairman,Quanta Computer,Taiwan
Kai-Fu,Lee,Former President,Google China,Taiwan
C.C.,Leung,Co-Founder & Vice Chairman,Delta Electronics,Taiwan
Charles,Lin,General Director,Taiwan Glass Group,Taiwan
Scott,Lin,Co-Founder & Honorary Chairman,Acer Group,Taiwan
K.C.,Liu,Founder & Chairman,Advantech,Taiwan
Lin,Ming-hsiung,Founder & Chairman,PX Mart (Taiwan Fresh Supermarket Chain),Taiwan
Tsai,Ming-kai,Chairman,MediaTek,Taiwan
Sagar,Pagare,Director of Product Management,Coupang,Taiwan
Wang,Shih-Chung,Senior Executive / Board Member,Formosa Plastics Group,Taiwan
Lin,Shu-hong,Founder & Chairman,Chang Chun Group,Taiwan
Chen,Tei-fu,Founder & Chairman,Sunrider International,Taiwan
Chao,Teng-hsiung,Founder & Chairman,Farglory Group,Taiwan
Tsao,Ter-fung,Major Shareholder,Fubon Financial Holding (family stakeholder),Taiwan
Chris,Traub,Co-Founder and Managing Partner,Strategic Executive Search (SES Group),Taiwan
Joe,Tsai,Cofounder,Alibaba Group,Taiwan
Joseph,Tsai,Vice Chairman,Cathay United Bank,Taiwan
Richard,Tsai,Co-Chairman,Fubon Financial Holding,Taiwan
Daniel,Tsai,Co-Chairman,Fubon Financial Holding,Taiwan
T.Y.,Tsai,Shareholder & Family Investor,Cathay Life Insurance / Cathay Financial family,Taiwan
F.C.,Tseng,"Vice Chairman (retired, Honorary role)",TSMC (Taiwan Semiconductor Manufacturing Co.),Taiwan
Xie,Weitong,Co-Founder & Director,Hengan International,Taiwan
Thomas,Wu,Chairman,Taishin Financial Holdings,Taiwan
Eugene,Wu,Chairman,Shin Kong Financial Holding,Taiwan
Samuel,Yin,Chairman,Ruentex Group,Taiwan
Wei,Yin-Chun,Co-Founder,Ting Hsin International Group,Taiwan
Wei,Yin-Heng,Co-Founder,Ting Hsin International Group,Taiwan
Wei,Ying-Chiao,Co-Founder,Ting Hsin International Group,Taiwan
Chen,Yung-tai,Chairman,Shin Kong Group,Taiwan
Chao,Yung-Tsang,Co-Founder & Honorary Chairman,Inventec,Taiwan
Imran,Ahmadzada,Chief Financial Officer,NEQSOL Holding,Azerbaijan
Leyla,Aliyeva,Member,Aliyev dynasty in Azerbaijan,Azerbaijan
Ulvi,Baghirov,Deputy CEO and Chief Investment Officer,PASHA Investments,Azerbaijan
Artyom,Hasanov,CEO,NEQSOL HOLDING,Azerbaijan
Nasib,Hasanov,,NEQSOL Holding,Azerbaijan
Rauf,Huseynov,Chief of Staff,Mine Action Agency of the Republic of Azerbaijan - ANAMA,Azerbaijan
Elshad,Nassirov,VP,State Oil Company of the Republic of Azerbaijan (SOCAR),Azerbaijan
Mir Jamal,Pashayev,"Deputy Chairman, Board of Directors",PASHA Holding,Azerbaijan
Anar,Rahmanov,CEO,PTG (Prime Travel Group),Azerbaijan
Yassir,Mouakher,Director,DURO FELGUERA Energy SA,Algeria
Issad,Rebrab & family,Former CEO,Cevital,Algeria
Eduardo,Hochschild,Chairman,Hochschild Group,Peru
Greg,Mitchel,Head of Finance,Datamart,Peru